<?xml version="1.0" encoding="utf-8"?>
<!--/1220951/1068197/2.49/2/3/LED/-->
<quadcept_library>
  <setting unit="mil" />
  <textstyle name="Default" height="47.244094488189" strokewidth="7.8740157480315" charwidth="47.244094488189" />
  <textstyle name="Dimension" height="19.6850393700787" strokewidth="0" charwidth="19.6850393700787" />
  <textstyle name="H127W0635TH00762" height="50" strokewidth="3" charwidth="25" />
  <textstyle name="H15W15TH02" height="59.0551181102362" strokewidth="7.8740157480315" charwidth="59.0551181102362" />
  <padstyle name="s150_h100" surface="False" plated="True" isvia="False" nopaste="True" nomask="True" complex="False" holesize="39.370078740157">
    <padshape layer="TOP" shape="square" width="59.055118110235" height="59.055118110235" />
    <padshape layer="TOP_SOLDER_MASK" shape="square" width="66.929133858267" height="66.929133858267" />
    <padshape layer="INNER" shape="square" width="59.055118110235" height="59.055118110235" />
    <padshape layer="BOTTOM" shape="square" width="59.055118110235" height="59.055118110235" />
    <padshape layer="BOTTOM_SOLDER_MASK" shape="square" width="66.929133858267" height="66.929133858267" />
  </padstyle>
  <padstyle name="c150_h100" surface="False" plated="True" isvia="False" nopaste="True" nomask="True" complex="False" holesize="39.370078740157">
    <padshape layer="TOP" shape="round" width="59.055118110235" height="59.055118110235" />
    <padshape layer="TOP_SOLDER_MASK" shape="round" width="66.929133858267" height="66.929133858267" />
    <padshape layer="INNER" shape="round" width="59.055118110235" height="59.055118110235" />
    <padshape layer="BOTTOM" shape="round" width="59.055118110235" height="59.055118110235" />
    <padshape layer="BOTTOM_SOLDER_MASK" shape="round" width="66.929133858267" height="66.929133858267" />
  </padstyle>
  <footprint name="15400385A3590" originx="0" originy="0" pickpointx="0" pickpointy="0">
    <pcbpin number="1" name="1" style="s150_h100" originx="0" originy="0" rotation="90" />
    <pcbpin number="2" name="2" style="c150_h100" originx="99.999999999999" originy="0" rotation="90" />
    <line layer="TOP_PLACE_BOUND" originx="-68.897637795275" originy="98.425196850392" endx="168.89763779527" endy="98.425196850392" width="3.9370078740157" />
    <line layer="TOP_PLACE_BOUND" originx="168.89763779527" originy="98.425196850392" endx="168.89763779527" endy="-98.425196850392" width="3.9370078740157" />
    <line layer="TOP_PLACE_BOUND" originx="168.89763779527" originy="-98.425196850392" endx="-68.897637795275" endy="-98.425196850392" width="3.9370078740157" />
    <line layer="TOP_PLACE_BOUND" originx="-68.897637795275" originy="-98.425196850392" endx="-68.897637795275" endy="98.425196850392" width="3.9370078740157" />
    <line layer="TOP_ASSEMBLY" originx="-7.0866141732283" originy="0" endx="-7.0866141732283" endy="0" width="3.9370078740157" />
    <arc layer="TOP_ASSEMBLY" originx="49.999999999999" originy="0" startangle="-180.0" sweepangle="180.0" radius="57.086614173228" width="3.9370078740157" />
    <line layer="TOP_ASSEMBLY" originx="107.08661417323" originy="0" endx="107.08661417323" endy="0" width="3.9370078740157" />
    <arc layer="TOP_ASSEMBLY" originx="49.999999999999" originy="0" startangle=".0" sweepangle="180.0" radius="57.086614173228" width="3.9370078740157" />
    <line layer="TOP_SILKSCREEN" originx="-47.244094488188" originy="0" endx="-47.244094488188" endy="0" width="3.9370078740157" />
    <arc layer="TOP_SILKSCREEN" originx="-49.212598425196" originy="0" startangle=".0" sweepangle="180.0" radius="1.9685039370079" width="3.9370078740157" />
    <line layer="TOP_SILKSCREEN" originx="-51.181102362204" originy="0" endx="-51.181102362204" endy="0" width="3.9370078740157" />
    <arc layer="TOP_SILKSCREEN" originx="-49.212598425196" originy="0" startangle="-180.0" sweepangle="180.0" radius="1.9685039370079" width="3.9370078740157" />
  </footprint>
  <symbol name="15400385A3590" originx="0" originy="0">
    <line originx="200" originy="100" endx="200" endy="-100" width="0" />
    <line originx="250" originy="100" endx="150" endy="200" width="0" />
    <line originx="350" originy="100" endx="250" endy="200" width="0" />
    <line originx="100" originy="0" endx="200" endy="0" width="0" />
    <line originx="400" originy="0" endx="500" endy="0" width="0" />
    <sympin number="1" originx="100" originy="0" rotation="180" length="100" width="7.8740157480315" flipped="False">
      <text name="pinname" originx="10" originy="-10" style="Default" rotation="0" justify="upperleft" flipped="False" hidden="True" data="K" />
      <text name="pindes" originx="60" originy="10" style="Default" rotation="0" justify="lowerright" flipped="False" hidden="False" data="1" />
    </sympin>
    <sympin number="2" originx="500" originy="0" rotation="0" length="100" width="7.8740157480315" flipped="False">
      <text name="pinname" originx="590" originy="-10" style="Default" rotation="0" justify="upperright" flipped="False" hidden="True" data="A" />
      <text name="pindes" originx="540" originy="10" style="Default" rotation="0" justify="lowerleft" flipped="False" hidden="False" data="2" />
    </sympin>
    <polygon type="polygon">
      <point x="200" y="0" />
      <point x="400" y="100" />
      <point x="400" y="-100" />
    </polygon>
    <polygon type="polygon">
      <point x="210" y="170" />
      <point x="180" y="140" />
      <point x="150" y="200" />
    </polygon>
    <polygon type="polygon">
      <point x="310" y="170" />
      <point x="280" y="140" />
      <point x="250" y="200" />
    </polygon>
  </symbol>
  <component name="15400385A3590" designatorprefix="LED" height="429.13385826771" footprint="15400385A3590">
    <comppin designator="1" sympin="1" pinswap="0" gateswap="0" gate="1" group="1" side="" type="Any" name="K" />
    <comppin designator="2" sympin="2" pinswap="0" gateswap="0" gate="1" group="1" side="" type="Any" name="A" />
    <attached_symbol gate="1" name="15400385A3590" />
    <pinmap designator="1" footprintpin="1" />
    <pinmap designator="2" footprintpin="2" />
    <text name="Datasheet" originx="0" originy="0" style="Default" rotation="0" justify="" flipped="False" hidden="True" data="https://www.we-online.com/katalog/datasheet/15400385A3590.pdf" />
    <text name="Description" originx="0" originy="0" style="Default" rotation="0" justify="" flipped="False" hidden="True" data="WURTH ELEKTRONIK - 15400385A3590 - Infrared Emitter, 850 nm, 35 , T-1 (3mm), 60 mW/Sr" />
    <text name="Manufacturer_Name" originx="0" originy="0" style="Default" rotation="0" justify="" flipped="False" hidden="True" data="Wurth Elektronik" />
    <text name="Manufacturer_Part_Number" originx="500" originy="250" style="Default" rotation="0" justify="lowerleft" flipped="False" hidden="False" data="15400385A3590" />
    <text name="Mouser Part Number" originx="0" originy="0" style="Default" rotation="0" justify="" flipped="False" hidden="True" data="710-15400385A3590" />
    <text name="Mouser Price/Stock" originx="0" originy="0" style="Default" rotation="0" justify="" flipped="False" hidden="True" data="https://www.mouser.co.uk/ProductDetail/Wurth-Elektronik/15400385A3590?qs=5aG0NVq1C4yszs1ddn0oOg%3D%3D" />
    <text name="Arrow Part Number" originx="0" originy="0" style="Default" rotation="0" justify="" flipped="False" hidden="True" data="" />
    <text name="Arrow Price/Stock" originx="0" originy="0" style="Default" rotation="0" justify="" flipped="False" hidden="True" data="" />
    <text name="Mouser Testing Part Number" originx="0" originy="0" style="Default" rotation="0" justify="" flipped="False" hidden="True" data="" />
    <text name="Mouser Testing Price/Stock" originx="0" originy="0" style="Default" rotation="0" justify="" flipped="False" hidden="True" data="" />
  </component>
</quadcept_library>
